YEAR;PM04905AA
2020;476353.742045319
2021;526624.916483323
