YEAR;PM04906AA
2020;11922.8519000341
2021;13618.8491262505
