YEAR;PM04904AA
2020;4700.53328360059
2021;20360.5128429133
