YEAR;PM04902AA
2020;-14748.8775165815
2021;-46045.7306272063
