YEAR;PM04903AA
2020;471653.208761718
2021;506264.40364041
