YEAR;PM04907AA
2020;488276.593945353
2021;540243.765609574
