YEAR;PM04901AA
2020;486402.0862783
2021;552310.134267616
